,Label,Location,Price,Kms_driven,Fuel_type,Owner,Year,Company
0,0,1.0,380000,35056,1,0.0,2015,4.0
1,0,1.0,465000,44000,1,0.0,2016,1.0
2,0,1.0,1350000,42917,1,0.0,2018,2.0
3,0,1.0,1019699,16112,1,2.0,2019,2.0
4,0,1.0,713499,30988,1,2.0,2017,3.0
5,0,1.0,391099,69163,2,2.0,2013,2.0
6,0,1.0,474299,42859,1,2.0,2015,1.0
7,0,1.0,1252999,34919,1,1.0,2017,8.0
8,0,1.0,393699,44940,1,0.0,2013,3.0
9,0,1.0,730899,13687,1,1.0,2017,2.0
10,0,1.0,343099,29848,1,2.0,2018,1.0
11,0,1.0,707599,21426,1,2.0,2018,3.0
12,0,1.0,688899,68177,2,2.0,2016,1.0
13,0,1.0,1421599,70650,2,1.0,2017,11.0
14,0,1.0,399999,25730,1,2.0,2017,1.0
15,0,1.0,1473299,47096,1,2.0,2019,12.0
16,1,1.0,1025000,131000,2,0.0,2012,8.0
17,1,1.0,735000,26000,1,0.0,2016,2.0
18,1,1.0,600000,58460,2,1.0,2019,2.0
19,1,1.0,800000,48000,1,1.0,2020,12.0
20,1,7.0,700000,26600,1,0.0,2017,1.0
21,1,38.0,820000,36000,1,0.0,2019,4.0
22,1,1.0,195000,39500,1,0.0,2014,5.0
23,1,1.0,1850000,76000,2,0.0,2011,16.0
24,0,1.0,807499,23698,1,1.0,2017,4.0
25,0,1.0,522999,37860,1,2.0,2016,2.0
26,0,1.0,474299,91830,1,2.0,2015,1.0
27,0,1.0,740899,31172,1,2.0,2019,2.0
28,0,1.0,1141999,3243,1,2.0,2021,8.0
29,0,1.0,971299,9616,1,2.0,2020,5.0
30,0,1.0,640999,30249,1,2.0,2017,1.0
31,0,1.0,676199,60875,1,2.0,2019,1.0
32,0,1.0,562399,25740,1,2.0,2017,1.0
33,0,1.0,580899,38587,1,2.0,2014,4.0
34,0,1.0,770999,3108,1,2.0,2021,6.0
35,0,1.0,531399,35353,1,2.0,2016,3.0
36,0,1.0,367299,34748,1,2.0,2017,2.0
37,0,1.0,412199,2359,1,2.0,2020,1.0
38,0,1.0,1460099,17814,2,2.0,2020,2.0
39,0,1.0,618699,68934,1,2.0,2018,1.0
40,1,1.0,485000,72600,1,2.0,2014,2.0
41,1,1.0,890000,81000,2,0.0,2010,13.0
42,1,1.0,245000,80000,2,1.0,2012,15.0
43,1,1.0,945000,12000,1,0.0,2020,8.0
44,1,1.0,590000,6000,1,0.0,2016,1.0
45,1,1.0,495000,56000,1,0.0,2017,3.0
46,1,1.0,475000,56000,1,0.0,2017,1.0
47,1,1.0,1200000,36000,2,1.0,2020,9.0
48,0,1.0,490199,15840,1,2.0,2017,1.0
49,0,1.0,618699,68934,1,2.0,2018,1.0
50,0,1.0,920999,32482,2,2.0,2017,1.0
51,0,1.0,554399,113779,2,2.0,2014,3.0
52,0,1.0,408999,26150,1,2.0,2017,1.0
53,0,1.0,1248299,34555,2,2.0,2018,7.0
54,0,1.0,636099,30880,1,1.0,2018,1.0
55,0,1.0,452699,70423,1,1.0,2013,2.0
56,0,1.0,704399,30232,2,2.0,2018,2.0
57,0,1.0,553599,50077,1,2.0,2016,10.0
58,0,1.0,999599,18482,2,2.0,2018,4.0
59,0,1.0,684699,10246,1,2.0,2018,1.0
60,0,1.0,620399,25021,1,2.0,2016,1.0
61,0,1.0,549899,70646,1,2.0,2014,2.0
62,0,1.0,812899,45490,2,2.0,2018,1.0
63,0,1.0,656699,53306,2,2.0,2016,4.0
64,1,1.0,725000,58460,2,1.0,2019,2.0
65,1,1.0,600000,29000,2,1.0,2019,2.0
67,1,1.0,735000,95000,2,0.0,2013,7.0
69,1,1.0,365000,80000,1,0.0,2013,3.0
70,1,1.0,280000,58000,1,0.0,2011,2.0
71,1,1.0,840000,22000,2,0.0,2019,5.0
72,0,1.0,818599,69215,1,1.0,2017,2.0
73,0,1.0,862399,33340,1,1.0,2018,2.0
74,0,1.0,673599,9783,1,2.0,2019,6.0
75,0,1.0,528899,15110,1,2.0,2018,2.0
76,0,1.0,527999,3399,1,2.0,2021,1.0
77,0,1.0,791699,89310,2,1.0,2013,7.0
78,0,1.0,392999,53148,1,1.0,2015,1.0
79,0,1.0,690199,42020,1,1.0,2015,3.0
80,0,1.0,474699,74594,2,2.0,2013,1.0
82,0,1.0,562299,24346,1,2.0,2017,2.0
83,0,1.0,1400999,65668,2,1.0,2017,11.0
84,0,1.0,447599,48644,1,2.0,2018,6.0
85,0,1.0,1814599,36877,2,2.0,2018,8.0
86,0,1.0,920399,79673,2,2.0,2018,5.0
87,0,1.0,447599,54352,1,2.0,2014,1.0
88,1,1.0,390000,64000,2,0.0,2016,5.0
89,1,36.0,650000,54000,2,0.0,2018,4.0
90,1,1.0,575000,40000,1,0.0,2017,1.0
91,1,15.0,525000,107000,2,1.0,2015,7.0
92,1,15.0,525000,107000,2,2.0,2015,7.0
93,1,6.0,1000000,38000,2,0.0,2011,13.0
94,1,1.0,325000,86000,1,0.0,2010,2.0
96,0,1.0,343299,48658,1,2.0,2017,1.0
97,0,1.0,1711499,11998,1,2.0,2020,9.0
98,0,1.0,918799,32513,2,2.0,2018,1.0
99,0,1.0,526399,21372,1,2.0,2016,2.0
100,0,1.0,881099,34178,1,1.0,2017,10.0
101,0,1.0,1764199,20547,1,2.0,2019,12.0
102,0,1.0,639199,34731,1,2.0,2016,1.0
103,0,1.0,522999,30536,1,1.0,2016,2.0
104,0,1.0,1917599,10205,2,2.0,2019,9.0
105,0,1.0,466599,25483,1,2.0,2017,1.0
106,0,1.0,1397699,39113,1,2.0,2017,8.0
107,0,1.0,504399,43152,1,2.0,2017,1.0
108,0,1.0,1920399,5325,1,2.0,2020,9.0
109,0,1.0,917599,44705,1,2.0,2018,4.0
110,0,1.0,319099,70022,1,2.0,2011,8.0
111,0,1.0,484399,47435,1,2.0,2017,1.0
112,1,1.0,290000,89000,1,0.0,2010,10.0
113,1,1.0,1790000,9826,1,0.0,2021,7.0
114,1,1.0,650000,83000,2,0.0,2017,4.0
117,1,37.0,1550000,13000,1,1.0,2022,2.0
118,1,1.0,420000,46000,4,1.0,2016,7.0
119,1,6.0,1595000,72000,2,1.0,2015,8.0
120,0,1.0,573499,29026,1,2.0,2016,2.0
121,0,1.0,879199,59258,1,2.0,2015,2.0
122,0,1.0,733399,120399,2,1.0,2014,7.0
123,0,1.0,967599,28853,2,2.0,2018,1.0
124,0,1.0,1539299,9811,1,2.0,2020,3.0
125,0,1.0,561499,43538,1,2.0,2015,2.0
126,0,1.0,1042699,66400,1,2.0,2017,2.0
127,0,1.0,1032099,59341,2,2.0,2017,1.0
128,0,1.0,903499,56246,1,2.0,2016,2.0
129,0,1.0,472499,35944,1,2.0,2014,3.0
130,0,1.0,771299,17699,1,2.0,2018,3.0
131,0,1.0,447099,41065,1,2.0,2017,1.0
132,0,1.0,504599,2311,1,2.0,2019,6.0
133,0,1.0,620999,2991,1,2.0,2018,2.0
134,0,1.0,433999,29762,1,2.0,2015,2.0
135,0,1.0,627499,91917,2,2.0,2016,14.0
136,1,9.0,360000,0,2,0.0,2014,1.0
137,1,1.0,1375000,131000,2,0.0,2012,8.0
138,1,1.0,69000,85000,1,0.0,2000,1.0
139,1,1.0,89000,37000,1,0.0,2011,5.0
140,1,1.0,89000,67000,2,0.0,2011,5.0
144,0,1.0,504599,2311,1,2.0,2019,6.0
145,0,1.0,704199,30771,1,2.0,2018,1.0
146,0,1.0,513099,29488,1,2.0,2018,2.0
147,0,1.0,469399,36559,1,2.0,2019,6.0
148,0,1.0,844199,38242,2,2.0,2018,3.0
149,0,1.0,544799,66426,1,1.0,2017,1.0
150,0,1.0,710899,16950,1,2.0,2018,10.0
151,0,1.0,580599,18866,1,2.0,2016,1.0
152,0,1.0,638499,53245,2,1.0,2017,1.0
153,0,1.0,654699,44543,1,1.0,2016,2.0
154,0,1.0,894199,50128,2,1.0,2018,1.0
155,0,1.0,858599,56349,2,2.0,2018,1.0
156,0,1.0,992199,69524,2,2.0,2017,1.0
157,0,1.0,714999,41218,1,1.0,2017,10.0
158,0,1.0,765599,9085,1,1.0,2020,1.0
159,0,1.0,1800299,11292,2,2.0,2019,9.0
160,1,6.0,1190000,75000,2,2.0,2011,18.0
161,1,7.0,1452000,28000,2,0.0,2018,2.0
162,1,7.0,1026000,48000,2,0.0,2018,14.0
163,1,7.0,821000,51000,2,0.0,2017,1.0
164,1,1.0,725000,24990,1,0.0,2020,2.0
165,1,9.0,600000,48600,2,1.0,2015,1.0
166,1,9.0,336000,3600,1,1.0,2019,1.0
167,1,30.0,200000,115000,2,0.0,2012,5.0
168,0,1.0,680699,29594,1,2.0,2019,1.0
169,0,1.0,714899,55953,1,1.0,2015,3.0
170,0,1.0,316799,16980,1,1.0,2016,1.0
171,0,1.0,675099,41828,2,2.0,2016,4.0
172,0,1.0,1057399,64803,2,2.0,2018,1.0
173,0,1.0,938099,44460,2,2.0,2018,1.0
174,0,1.0,1057699,14276,2,2.0,2018,5.0
175,0,1.0,610099,23425,1,2.0,2019,1.0
176,0,1.0,452199,23056,1,2.0,2018,1.0
177,0,1.0,712699,16102,1,2.0,2019,2.0
178,0,1.0,838699,56615,2,1.0,2019,1.0
179,0,1.0,666899,70317,2,1.0,2015,7.0
180,0,1.0,1681899,6760,1,2.0,2020,9.0
181,0,1.0,1854599,8870,1,2.0,2020,9.0
182,0,1.0,571499,78209,1,1.0,2016,1.0
183,0,1.0,589199,64292,1,2.0,2015,10.0
186,1,7.0,445000,141000,2,0.0,2011,8.0
187,1,29.0,1231000,82000,2,0.0,2017,25.0
188,1,31.0,1231000,117000,2,2.0,2012,8.0
189,1,1.0,600000,70000,2,0.0,2015,7.0
190,1,1.0,320000,89450,2,2.0,2011,2.0
191,1,6.0,1175000,29000,1,0.0,2020,1.0
192,0,1.0,351699,58771,1,2.0,2015,1.0
193,0,1.0,299199,53266,1,2.0,2016,1.0
194,0,1.0,657199,9200,1,2.0,2019,3.0
195,0,1.0,539299,61721,1,2.0,2014,4.0
196,0,1.0,608399,18333,1,2.0,2017,2.0
197,0,1.0,1042799,51780,1,2.0,2019,4.0
198,0,1.0,645199,30854,1,2.0,2018,1.0
199,0,1.0,811899,24680,1,2.0,2017,4.0
200,0,1.0,557799,85663,1,1.0,2015,10.0
201,0,1.0,873999,20541,2,2.0,2021,7.0
202,0,1.0,278299,64182,1,1.0,2010,2.0
203,0,1.0,986399,58819,2,2.0,2017,1.0
204,0,1.0,610099,32057,1,2.0,2019,1.0
205,0,1.0,1749899,18403,1,2.0,2018,11.0
206,0,1.0,443899,7877,1,2.0,2018,1.0
207,0,1.0,936299,15509,1,2.0,2018,2.0
208,1,6.0,850000,15000,1,0.0,2018,3.0
209,1,6.0,595000,75000,2,0.0,2017,1.0
210,1,6.0,175000,62000,1,0.0,2008,2.0
211,1,1.0,930000,134500,2,0.0,2018,2.0
212,1,32.0,1500000,63896,2,0.0,2012,8.0
213,1,1.0,159000,90000,2,0.0,2005,7.0
214,1,1.0,69000,58000,1,0.0,2007,1.0
215,1,1.0,69000,85000,2,0.0,2008,4.0
216,0,1.0,580599,48329,1,1.0,2016,1.0
217,0,1.0,404499,21301,1,2.0,2019,6.0
218,0,1.0,838699,34566,2,2.0,2019,1.0
219,0,1.0,446499,34297,1,2.0,2018,6.0
220,0,1.0,1047499,119571,2,2.0,2017,5.0
221,0,1.0,345599,27957,1,2.0,2018,1.0
222,0,1.0,784399,27210,1,2.0,2018,4.0
223,0,1.0,489399,21610,1,2.0,2014,1.0
224,0,1.0,627499,40902,1,2.0,2017,1.0
225,0,1.0,288399,11057,1,2.0,2015,1.0
226,0,1.0,573999,72505,1,2.0,2016,1.0
227,0,1.0,1373699,31338,1,1.0,2018,2.0
228,0,1.0,279799,28674,1,2.0,2016,1.0
229,0,1.0,658199,25416,1,1.0,2018,2.0
230,0,1.0,465499,14765,1,2.0,2016,2.0
231,0,1.0,563999,60380,2,1.0,2015,8.0
232,1,1.0,59000,85000,1,0.0,2001,2.0
233,1,1.0,119000,73000,1,0.0,2006,2.0
234,1,1.0,69000,85000,1,0.0,2004,2.0
235,1,1.0,89000,85000,1,0.0,2002,2.0
236,1,1.0,129000,86000,2,0.0,2012,4.0
238,1,1.0,790000,79950,2,0.0,2018,7.0
239,1,1.0,200000,75000,2,0.0,2009,19.0
240,0,1.0,718699,19775,1,2.0,2018,1.0
241,0,1.0,543399,28495,1,1.0,2018,5.0
242,0,1.0,1780399,28344,2,2.0,2020,2.0
243,0,1.0,757999,10801,1,2.0,2020,8.0
244,0,1.0,1013999,4365,1,1.0,2019,5.0
245,0,1.0,439999,53266,2,2.0,2016,1.0
246,0,1.0,839199,50866,2,2.0,2018,1.0
247,0,1.0,421799,24230,1,2.0,2019,1.0
248,0,1.0,580599,64275,1,2.0,2016,1.0
249,0,1.0,986799,8924,1,2.0,2019,2.0
251,0,1.0,1082299,26956,1,2.0,2018,3.0
252,0,1.0,576999,12223,1,2.0,2017,2.0
253,0,1.0,533199,23960,1,2.0,2016,2.0
254,0,1.0,473299,33687,1,2.0,2015,1.0
255,0,1.0,1838399,24887,1,2.0,2020,9.0
256,1,6.0,800000,74000,2,2.0,2013,8.0
257,1,16.0,199000,40000,1,0.0,2011,15.0
258,1,1.0,1750000,45000,2,0.0,2020,2.0
259,1,1.0,595000,41000,2,0.0,2018,1.0
260,1,1.0,557699,52000,1,0.0,2014,2.0
261,1,6.0,1890000,61000,2,2.0,2015,13.0
263,1,6.0,699000,26000,1,1.0,2015,2.0
264,0,1.0,451799,71423,1,2.0,2015,2.0
265,0,1.0,446999,34095,1,1.0,2015,2.0
266,0,1.0,470799,32658,1,2.0,2016,1.0
267,0,1.0,511799,33166,1,2.0,2017,1.0
268,0,1.0,399899,31284,1,2.0,2014,1.0
269,0,1.0,375999,66090,1,2.0,2015,1.0
270,0,1.0,664799,51295,1,2.0,2016,4.0
271,0,1.0,617799,48693,1,2.0,2016,1.0
272,0,1.0,749299,36626,2,2.0,2017,1.0
273,0,1.0,795799,55752,2,2.0,2016,6.0
274,0,1.0,543499,49341,2,2.0,2017,5.0
275,0,1.0,317199,60251,1,2.0,2015,1.0
276,0,1.0,373699,22269,1,2.0,2015,1.0
277,0,1.0,501799,38999,1,2.0,2016,10.0
278,0,1.0,838699,29110,2,2.0,2019,1.0
279,0,1.0,1804399,14506,1,2.0,2020,2.0
280,1,1.0,175000,55000,1,0.0,2010,25.0
281,1,6.0,1200000,60000,2,0.0,2018,5.0
282,1,1.0,170000,80000,1,0.0,2006,8.0
283,1,40.0,65000,108252,1,0.0,2005,1.0
284,1,1.0,360000,36000,1,0.0,2014,1.0
285,1,1.0,299000,95000,2,2.0,2016,2.0
286,1,1.0,176000,88000,2,2.0,2010,4.0
287,1,1.0,325000,60000,1,1.0,2014,1.0
288,0,1.0,1804399,14506,1,2.0,2020,2.0
289,0,1.0,985299,29115,2,2.0,2017,1.0
290,0,1.0,642899,34763,1,2.0,2017,1.0
291,0,1.0,740000,12500,2,2.0,2015,1.0
292,0,1.0,610000,85000,1,0.0,2017,1.0
293,0,1.0,495000,40000,1,0.0,2016,2.0
294,0,1.0,510000,71000,1,0.0,2014,2.0
295,0,1.0,560000,44000,1,0.0,2017,1.0
296,0,1.0,455000,124000,2,0.0,2009,8.0
297,0,1.0,350000,78000,3,0.0,2012,1.0
298,0,1.0,463099,44696,1,1.0,2017,6.0
299,0,1.0,350599,33004,1,2.0,2018,1.0
300,0,1.0,636299,46034,1,1.0,2016,2.0
301,0,1.0,698199,60307,1,1.0,2020,2.0
302,0,1.0,764199,8825,1,1.0,2021,2.0
303,0,1.0,524799,5743,1,1.0,2019,1.0
304,1,1.0,420000,87000,2,1.0,2013,4.0
305,1,1.0,1831000,19500,1,0.0,2020,12.0
306,1,1.0,210000,60000,1,0.0,2010,25.0
307,1,1.0,465000,70000,1,0.0,2013,10.0
309,1,1.0,1090000,35623,1,0.0,2020,1.0
311,1,1.0,225000,98500,1,0.0,2009,2.0
312,0,1.0,524799,5743,1,1.0,2019,1.0
313,0,1.0,493899,25735,1,1.0,2019,1.0
314,0,1.0,825299,37522,1,2.0,2019,2.0
315,0,1.0,495499,38955,1,1.0,2018,1.0
316,0,1.0,557699,40664,1,1.0,2017,17.0
317,0,1.0,277599,65308,1,1.0,2014,2.0
318,0,1.0,473899,30467,1,1.0,2017,1.0
319,0,1.0,855299,1954,1,1.0,2019,2.0
320,0,1.0,540299,35220,1,1.0,2019,2.0
321,0,1.0,642899,75876,1,1.0,2016,2.0
322,0,1.0,442299,27020,1,1.0,2021,1.0
323,0,1.0,725399,13739,1,1.0,2019,6.0
324,0,1.0,558299,21544,1,1.0,2019,1.0
325,0,1.0,354299,13816,1,1.0,2016,1.0
326,0,1.0,673599,23817,1,1.0,2016,2.0
327,0,1.0,525099,60985,1,1.0,2017,2.0
328,1,1.0,525000,80000,2,0.0,2012,2.0
329,1,1.0,675000,30123,1,0.0,2018,10.0
330,1,1.0,325000,67000,1,0.0,2016,6.0
331,1,1.0,645000,26123,1,0.0,2020,6.0
332,1,1.0,785000,60123,1,0.0,2017,1.0
333,1,1.0,690000,52123,2,0.0,2016,7.0
334,1,1.0,425000,11123,1,0.0,2018,1.0
335,1,1.0,645000,41233,1,0.0,2019,2.0
336,0,1.0,529699,50141,1,1.0,2016,1.0
337,0,1.0,1081899,86033,2,0.0,2018,1.0
338,0,6.0,256000,30000,1,1.0,2012,19.0
339,0,1.0,290000,86924,1,0.0,2008,3.0
340,0,1.0,735000,68870,1,0.0,2016,10.0
341,0,1.0,1244799,22292,1,2.0,2019,1.0
342,0,1.0,474399,44013,1,1.0,2014,3.0
343,0,1.0,389399,96250,1,2.0,2016,1.0
344,0,1.0,562399,59839,1,2.0,2017,1.0
345,0,1.0,446699,49693,1,2.0,2015,2.0
346,0,1.0,439999,22223,1,1.0,2017,6.0
347,0,1.0,918999,8030,1,2.0,2021,3.0
348,0,1.0,815799,38780,1,2.0,2016,10.0
349,0,1.0,896799,31919,2,2.0,2018,1.0
350,0,1.0,411399,47564,1,2.0,2015,2.0
351,0,1.0,498999,42836,1,2.0,2013,2.0
352,1,1.0,470000,6000,1,0.0,2020,6.0
353,1,1.0,69000,85000,2,0.0,2007,5.0
354,1,6.0,925000,27000,2,0.0,2018,7.0
356,1,1.0,557699,145000,2,0.0,2013,14.0
357,1,1.0,1090000,35000,1,0.0,2020,1.0
358,1,9.0,300000,135000,2,0.0,2013,8.0
359,1,1.0,450000,115000,2,0.0,2012,5.0
360,0,1.0,357999,50488,1,2.0,2015,4.0
361,0,1.0,462599,12916,1,1.0,2018,1.0
362,0,1.0,695199,30731,1,1.0,2016,2.0
363,0,1.0,490399,8825,1,2.0,2019,1.0
364,0,1.0,340099,21627,1,3.0,2016,6.0
365,0,1.0,997899,5580,1,2.0,2020,1.0
366,0,1.0,351599,41371,1,1.0,2013,2.0
367,0,1.0,603799,42313,1,1.0,2016,1.0
368,0,1.0,599799,74913,1,2.0,2016,2.0
369,0,1.0,456099,74760,1,2.0,2018,1.0
370,0,1.0,993699,34045,2,2.0,2019,4.0
371,0,1.0,312299,143147,1,2.0,2010,1.0
372,0,1.0,1221799,28149,1,1.0,2019,2.0
373,0,1.0,522999,38049,1,2.0,2015,1.0
374,0,1.0,323399,78895,1,2.0,2014,2.0
375,0,1.0,510799,27027,1,2.0,2015,2.0
376,1,1.0,750000,66000,2,0.0,2013,7.0
377,1,1.0,155000,82000,1,0.0,2005,2.0
378,1,1.0,350000,57000,1,0.0,2011,1.0
379,1,1.0,410000,71000,2,0.0,2014,3.0
380,1,1.0,275000,47000,3,0.0,2014,2.0
381,1,1.0,465000,37000,1,0.0,2017,2.0
382,1,1.0,145000,73000,1,0.0,2007,1.0
383,1,1.0,165000,82650,1,0.0,2007,2.0
384,0,1.0,910799,23940,1,2.0,2020,1.0
385,0,1.0,722899,26678,1,2.0,2018,6.0
386,0,1.0,809499,41342,2,2.0,2018,3.0
387,0,1.0,297399,59614,1,1.0,2013,1.0
388,0,1.0,411999,39550,1,2.0,2016,1.0
389,0,1.0,623399,28621,1,1.0,2019,6.0
390,0,1.0,372399,60437,1,1.0,2013,3.0
391,0,1.0,518099,26598,1,2.0,2018,1.0
392,0,1.0,485599,62723,1,2.0,2015,3.0
393,0,1.0,636899,21145,1,2.0,2017,1.0
394,0,1.0,396999,48699,1,1.0,2013,2.0
395,0,1.0,980399,10102,1,2.0,2019,4.0
396,0,1.0,658999,34881,1,1.0,2017,1.0
397,0,1.0,304099,53997,1,2.0,2015,2.0
398,0,1.0,362599,49076,1,1.0,2015,1.0
399,0,1.0,344199,65951,1,2.0,2014,1.0
400,1,1.0,215000,116000,1,0.0,2007,1.0
401,1,1.0,550000,136000,2,1.0,2015,14.0
402,1,1.0,550000,85000,2,0.0,2013,6.0
403,1,1.0,89000,85000,1,0.0,2002,2.0
404,1,1.0,79000,85000,1,0.0,2001,1.0
405,1,1.0,67000,63000,1,0.0,2007,25.0
406,1,1.0,59000,73000,1,0.0,2009,4.0
407,1,1.0,69000,85000,1,0.0,2007,1.0
408,0,1.0,462399,15032,1,1.0,2017,1.0
409,0,1.0,319999,15575,1,2.0,2017,1.0
410,0,1.0,275699,147819,2,3.0,2010,1.0
411,0,1.0,501599,35203,1,2.0,2016,2.0
412,0,1.0,506599,7597,1,1.0,2020,1.0
413,0,1.0,1198599,34883,2,1.0,2018,7.0
414,0,1.0,775499,59580,2,2.0,2017,4.0
415,0,1.0,338999,49647,1,2.0,2011,1.0
416,0,1.0,652699,67577,1,2.0,2016,2.0
417,0,1.0,535899,10890,1,1.0,2017,5.0
418,0,1.0,492099,57444,1,1.0,2015,1.0
419,0,1.0,885999,33598,1,2.0,2017,3.0
420,0,1.0,694899,17804,1,2.0,2018,4.0
421,0,1.0,450599,62613,1,2.0,2013,1.0
422,0,1.0,377999,56974,1,2.0,2010,2.0
423,0,1.0,491499,1405,1,1.0,2021,17.0
424,1,1.0,89000,85000,1,0.0,2008,1.0
425,1,1.0,1865000,8000,1,0.0,2020,2.0
426,1,6.0,235000,29000,1,0.0,2014,17.0
427,1,1.0,1025000,22000,2,0.0,2020,7.0
428,1,1.0,450000,118000,1,0.0,2014,10.0
429,1,17.0,1575000,23000,2,0.0,2020,2.0
430,1,17.0,695000,34000,2,0.0,2018,1.0
431,1,7.0,295000,87000,1,0.0,2008,3.0
432,0,1.0,1171199,36965,1,2.0,2018,2.0
433,0,1.0,625699,25526,1,1.0,2017,3.0
434,0,1.0,453199,20235,1,1.0,2016,2.0
435,0,1.0,850499,61064,2,2.0,2018,1.0
436,0,1.0,548699,12558,1,2.0,2018,1.0
437,0,1.0,498799,14179,1,1.0,2019,1.0
438,0,1.0,1377199,20379,1,1.0,2020,3.0
439,0,1.0,772799,42837,1,2.0,2017,4.0
440,0,1.0,572599,67473,1,2.0,2016,2.0
441,0,1.0,774899,27576,1,1.0,2016,3.0
442,0,1.0,885099,80900,2,2.0,2017,1.0
443,0,1.0,687499,100934,2,2.0,2017,2.0
444,0,1.0,567799,29060,1,2.0,2015,2.0
445,0,1.0,398499,36129,1,2.0,2016,2.0
447,0,1.0,520899,48710,1,2.0,2018,1.0
448,1,1.0,225000,80000,2,0.0,2012,4.0
449,1,1.0,725000,57000,1,0.0,2015,3.0
450,1,7.0,240000,97000,6,0.0,2004,3.0
451,1,1.0,425000,44000,1,0.0,2013,3.0
452,1,1.0,500000,57000,1,0.0,2015,1.0
453,1,1.0,250000,77000,1,0.0,2008,1.0
454,1,1.0,360000,81000,1,0.0,2013,1.0
455,1,1.0,975000,41000,1,0.0,2016,2.0
456,0,1.0,916799,20619,1,2.0,2018,4.0
457,0,1.0,480999,51149,5,2.0,2018,1.0
458,0,1.0,1043299,12978,1,1.0,2020,5.0
459,0,1.0,787399,40025,1,1.0,2016,3.0
460,0,1.0,501599,63075,1,2.0,2016,2.0
461,0,1.0,362999,78724,1,2.0,2012,3.0
462,0,1.0,403199,12257,1,2.0,2018,6.0
463,0,1.0,1022599,26890,2,2.0,2019,2.0
464,0,1.0,483199,20485,1,2.0,2018,15.0
465,0,1.0,321399,69220,1,2.0,2017,2.0
466,0,1.0,307999,41900,1,2.0,2017,1.0
467,0,1.0,478599,11944,1,2.0,2019,1.0
468,0,1.0,405199,66143,1,2.0,2015,1.0
469,0,1.0,314999,16563,1,2.0,2018,1.0
470,0,1.0,684599,14460,1,2.0,2016,2.0
471,0,1.0,413099,47120,1,2.0,2018,1.0
472,1,1.0,345000,115000,2,0.0,2011,25.0
473,1,1.0,385000,79200,2,0.0,2013,6.0
474,1,1.0,690000,48877,2,0.0,2016,2.0
475,1,6.0,825000,32000,1,0.0,2019,3.0
476,1,6.0,1425000,51000,1,0.0,2018,8.0
477,1,25.0,295000,56000,1,0.0,2014,1.0
478,1,1.0,700000,14000,1,0.0,2022,5.0
479,1,1.0,69000,79000,1,0.0,2006,25.0
480,0,1.0,501199,147960,2,2.0,2016,1.0
481,0,1.0,357399,38766,1,2.0,2014,1.0
482,0,1.0,494199,8409,1,2.0,2019,1.0
483,0,1.0,424099,20718,1,2.0,2019,6.0
484,0,1.0,598299,51125,1,1.0,2017,1.0
485,0,1.0,477599,64459,1,1.0,2014,2.0
486,0,1.0,447599,29467,1,1.0,2014,1.0
487,0,1.0,703999,18019,1,1.0,2017,5.0
488,0,1.0,416099,40710,1,2.0,2016,1.0
489,0,1.0,559099,1956,1,2.0,2021,1.0
490,0,1.0,463099,44696,1,0.0,2017,6.0
491,0,1.0,527099,21531,1,3.0,2018,2.0
492,0,1.0,1517999,20989,1,2.0,2019,12.0
493,0,1.0,431099,33901,1,1.0,2013,2.0
494,0,1.0,539799,54696,1,2.0,2018,2.0
495,0,1.0,1800299,11292,2,2.0,2019,9.0
496,1,1.0,1025000,14000,2,0.0,2020,6.0
497,1,1.0,129000,97000,2,0.0,2007,7.0
498,1,1.0,79000,85000,2,0.0,2007,5.0
499,1,1.0,525000,50000,2,0.0,2014,4.0
500,1,1.0,565000,53000,1,0.0,2016,3.0
501,1,1.0,435000,27000,1,0.0,2016,1.0
502,1,1.0,425000,52000,1,0.0,2016,1.0
503,1,1.0,250000,149000,1,0.0,2007,3.0
504,0,1.0,616599,27317,1,2.0,2017,2.0
505,0,1.0,466599,79784,1,2.0,2014,2.0
506,0,1.0,1656999,73656,2,1.0,2015,16.0
507,0,1.0,562999,27664,1,1.0,2018,5.0
508,0,1.0,488899,41898,1,2.0,2012,2.0
509,0,1.0,514599,4889,1,2.0,2021,1.0
510,0,1.0,495299,39836,1,1.0,2015,2.0
511,0,1.0,752399,16108,1,2.0,2016,3.0
512,0,1.0,474799,46111,1,2.0,2015,2.0
513,0,1.0,849599,23761,1,2.0,2018,1.0
514,0,1.0,663199,146782,2,1.0,2016,1.0
515,0,1.0,566699,26597,1,1.0,2016,2.0
516,0,1.0,471199,12323,1,2.0,2018,1.0
517,0,1.0,385499,3230,1,1.0,2017,6.0
518,0,1.0,491599,62059,1,3.0,2016,1.0
519,0,1.0,725699,28188,1,2.0,2019,1.0
520,1,1.0,350000,55000,1,0.0,2013,1.0
521,1,1.0,210000,79000,1,0.0,2009,1.0
522,1,1.0,460000,55000,1,0.0,2017,5.0
523,1,13.0,990000,49000,1,3.0,2010,13.0
524,1,1.0,190000,56000,1,0.0,2009,5.0
525,1,1.0,625000,83000,1,0.0,2014,1.0
526,1,1.0,590000,39226,1,0.0,2016,1.0
527,1,1.0,740000,33901,1,0.0,2019,1.0
528,0,1.0,640099,32877,1,2.0,2019,2.0
529,0,1.0,575099,17283,1,2.0,2019,1.0
530,0,1.0,1081899,86033,2,1.0,2018,1.0
531,0,1.0,726399,17419,1,2.0,2018,10.0
532,0,1.0,480399,24416,1,2.0,2019,1.0
533,0,1.0,369599,26700,1,2.0,2017,6.0
534,0,1.0,451399,28979,1,1.0,2014,1.0
535,0,1.0,494099,27150,1,1.0,2019,1.0
536,0,1.0,1240899,3195,1,1.0,2020,4.0
537,0,1.0,286199,26761,1,1.0,2013,2.0
538,0,1.0,509399,71992,1,2.0,2017,2.0
539,0,1.0,378099,27239,1,2.0,2016,1.0
540,0,1.0,586699,36244,1,2.0,2016,3.0
541,0,1.0,906899,69807,2,2.0,2019,1.0
542,0,1.0,882199,31803,2,2.0,2019,1.0
543,0,1.0,507999,92373,1,1.0,2015,3.0
545,1,1.0,825000,46000,2,0.0,2016,4.0
546,1,1.0,557699,72000,2,0.0,2017,2.0
548,1,1.0,475000,59000,1,0.0,2016,2.0
549,1,1.0,1325000,72000,2,0.0,2017,2.0
550,1,1.0,1245000,56000,2,0.0,2017,2.0
551,1,1.0,975000,87000,2,0.0,2014,7.0
552,0,1.0,782999,59612,2,2.0,2016,1.0
553,0,1.0,623399,30212,1,2.0,2014,4.0
554,0,1.0,548699,18113,1,2.0,2018,1.0
555,0,1.0,397099,48435,1,2.0,2018,1.0
556,0,1.0,392099,29297,1,1.0,2015,1.0
557,0,1.0,354599,53525,1,2.0,2012,1.0
558,0,1.0,719599,15890,1,1.0,2018,3.0
559,0,1.0,834099,31694,1,1.0,2019,3.0
560,0,1.0,365899,36279,1,2.0,2017,1.0
561,0,1.0,400899,33349,1,1.0,2015,2.0
562,0,1.0,320199,103182,1,1.0,2012,8.0
563,0,1.0,457399,63048,1,2.0,2016,2.0
564,0,1.0,717699,26358,1,2.0,2017,1.0
565,0,1.0,417299,18932,1,1.0,2017,1.0
566,0,1.0,323199,20369,1,2.0,2018,1.0
567,0,1.0,633999,58769,1,1.0,2016,3.0
568,1,1.0,600000,52000,2,0.0,2016,4.0
569,1,1.0,795000,15000,1,0.0,2019,10.0
570,1,1.0,1000000,70000,2,0.0,2019,1.0
571,1,1.0,385000,52000,1,0.0,2012,2.0
572,1,1.0,395000,32000,1,0.0,2013,2.0
573,1,1.0,1750000,155000,2,0.0,2015,8.0
574,1,1.0,600000,50000,1,0.0,2017,1.0
575,1,34.0,330000,120000,2,0.0,2015,7.0
576,0,1.0,875999,123920,2,1.0,2017,2.0
577,0,1.0,309399,17900,1,3.0,2016,2.0
578,0,1.0,658999,31041,1,1.0,2017,1.0
579,0,1.0,514099,61875,1,2.0,2018,1.0
580,0,1.0,672899,29210,1,2.0,2016,2.0
581,0,1.0,620099,35826,2,1.0,2016,7.0
582,0,1.0,733999,29364,1,2.0,2019,4.0
583,0,1.0,664699,16304,1,1.0,2021,6.0
584,0,1.0,454299,95731,1,2.0,2015,1.0
585,0,1.0,357499,31011,1,2.0,2010,1.0
586,0,1.0,447599,30601,1,1.0,2014,1.0
587,0,1.0,422299,14568,1,1.0,2019,1.0
588,0,1.0,449699,89559,1,2.0,2012,8.0
589,0,1.0,493499,48834,1,2.0,2014,2.0
590,0,1.0,605699,74190,2,2.0,2014,2.0
591,0,1.0,755099,43077,1,2.0,2016,4.0
592,1,1.0,490000,58000,1,0.0,2015,1.0
593,1,1.0,450000,99000,1,0.0,2011,3.0
594,1,1.0,160000,88500,2,0.0,2009,5.0
595,1,1.0,215000,85000,2,0.0,2012,25.0
596,1,1.0,1150000,29000,1,0.0,2019,3.0
597,1,1.0,349000,65000,1,0.0,2015,1.0
598,1,18.0,1401000,16000,1,1.0,2020,9.0
599,1,12.0,1401000,16000,1,1.0,2020,9.0
600,0,1.0,432699,17981,1,2.0,2018,1.0
601,0,1.0,418599,20780,1,2.0,2018,1.0
602,0,1.0,275799,56719,1,2.0,2014,1.0
603,0,1.0,456199,31108,1,2.0,2015,1.0
604,0,1.0,728499,33611,1,2.0,2016,3.0
605,0,1.0,431599,43700,1,2.0,2019,1.0
606,0,1.0,533099,49920,1,2.0,2017,1.0
607,0,1.0,451399,57338,1,1.0,2014,1.0
608,0,1.0,840699,23096,1,1.0,2020,2.0
609,0,1.0,486499,48732,1,1.0,2016,1.0
610,0,1.0,450199,67924,1,1.0,2012,3.0
611,0,1.0,418999,30418,1,2.0,2014,1.0
612,0,1.0,621299,50593,1,2.0,2014,3.0
613,0,1.0,508399,136381,1,2.0,2016,2.0
614,0,1.0,390999,46943,1,2.0,2015,1.0
615,0,1.0,675099,36277,1,2.0,2017,1.0
617,1,18.0,1501000,5600,2,1.0,2021,12.0
618,1,6.0,825000,44000,2,0.0,2019,1.0
619,1,6.0,1100000,40000,1,0.0,2019,1.0
620,1,12.0,1501000,5600,2,1.0,2021,12.0
621,1,12.0,130000,45000,1,2.0,2007,1.0
622,1,1.0,325000,150000,2,0.0,2012,8.0
623,1,1.0,210000,90000,2,0.0,2016,5.0
624,0,1.0,464199,70359,2,2.0,2015,2.0
625,0,1.0,343999,42205,1,2.0,2017,2.0
626,0,1.0,441499,60539,1,2.0,2015,15.0
627,0,1.0,684999,16533,1,2.0,2019,1.0
628,0,1.0,815399,26596,1,2.0,2017,10.0
629,0,1.0,468999,30912,1,2.0,2016,2.0
630,0,1.0,1194799,17951,2,2.0,2019,2.0
631,0,1.0,599899,36928,1,2.0,2015,10.0
632,0,1.0,710199,22854,1,2.0,2018,1.0
633,0,1.0,474399,89156,1,1.0,2014,2.0
634,0,1.0,701399,41999,1,2.0,2019,1.0
635,0,1.0,834599,66145,1,2.0,2017,3.0
636,0,1.0,333699,29157,1,2.0,2017,1.0
637,0,1.0,349799,33882,1,2.0,2017,2.0
638,0,1.0,286199,29379,1,2.0,2013,2.0
639,0,1.0,386699,17352,1,2.0,2019,1.0
641,1,1.0,695000,16189,1,0.0,2020,1.0
642,1,1.0,695000,41341,2,0.0,2018,1.0
643,1,1.0,550000,62000,2,0.0,2019,5.0
644,1,1.0,557699,32000,1,1.0,2019,1.0
645,1,9.0,1300000,19000,2,1.0,2021,2.0
646,1,8.0,225000,56000,1,0.0,2011,1.0
647,1,1.0,250000,91000,1,0.0,2010,1.0
648,0,1.0,659199,13486,1,1.0,2019,6.0
649,0,1.0,572599,33562,1,2.0,2018,2.0
650,0,1.0,1171199,13691,1,2.0,2018,2.0
651,0,1.0,557199,31980,1,2.0,2017,2.0
652,0,1.0,531399,69526,1,2.0,2016,2.0
653,0,1.0,426199,21492,1,2.0,2016,1.0
654,0,1.0,432999,47425,1,1.0,2016,1.0
655,0,1.0,458399,40988,1,2.0,2016,2.0
656,0,1.0,1465199,51983,2,2.0,2018,11.0
657,0,1.0,783099,69376,2,2.0,2018,1.0
658,0,1.0,562399,33094,1,2.0,2017,1.0
659,0,1.0,529199,26237,1,3.0,2017,5.0
660,0,1.0,447199,42415,1,1.0,2015,3.0
661,0,1.0,944099,112308,2,2.0,2016,2.0
662,0,1.0,452099,61427,1,1.0,2017,1.0
663,0,1.0,1917599,10205,2,2.0,2019,9.0
664,1,1.0,179000,67000,1,0.0,2011,1.0
666,1,6.0,425000,53000,2,0.0,2013,1.0
667,1,7.0,550000,59888,1,0.0,2017,1.0
668,1,7.0,795000,58492,1,1.0,2018,1.0
669,1,6.0,350888,45000,1,1.0,2011,3.0
670,1,6.0,275000,48000,2,0.0,2012,1.0
671,1,1.0,890000,34000,1,0.0,2018,5.0
672,0,1.0,580599,75691,2,2.0,2017,1.0
673,0,1.0,223299,84301,1,3.0,2013,1.0
674,0,1.0,600399,38346,1,2.0,2019,5.0
675,0,1.0,367399,41530,1,2.0,2017,1.0
676,0,1.0,704099,23049,1,2.0,2017,4.0
677,0,1.0,377899,74510,1,1.0,2016,1.0
678,0,1.0,458699,20141,1,2.0,2016,1.0
679,0,1.0,566199,85860,1,2.0,2015,4.0
680,0,1.0,594599,63133,2,1.0,2017,1.0
681,0,1.0,678699,71894,1,2.0,2018,1.0
682,0,1.0,883099,95627,2,2.0,2017,6.0
683,0,1.0,578099,75324,2,2.0,2014,4.0
684,0,1.0,305899,64611,1,2.0,2015,1.0
685,0,1.0,457399,77128,1,3.0,2016,1.0
686,0,1.0,316799,36306,1,1.0,2016,1.0
687,0,1.0,399999,83803,1,1.0,2011,2.0
688,1,6.0,1100000,44000,2,1.0,2018,7.0
689,1,1.0,325000,108000,2,0.0,2018,7.0
690,1,1.0,550000,55000,2,0.0,2018,2.0
691,1,6.0,990888,700,1,1.0,2020,3.0
692,1,12.0,480000,25,2,0.0,2020,7.0
693,1,7.0,500000,258,1,0.0,2018,1.0
694,1,1.0,390000,81152,2,0.0,2011,1.0
695,1,1.0,1750000,155000,2,0.0,2015,8.0
696,0,1.0,399999,83803,1,1.0,2011,2.0
697,0,1.0,841499,75398,1,2.0,2017,2.0
698,0,1.0,1016899,42317,1,1.0,2017,3.0
699,0,1.0,748599,60214,2,2.0,2018,1.0
700,0,1.0,622099,58861,2,2.0,2017,1.0
701,0,1.0,530699,27995,1,2.0,2016,10.0
702,0,1.0,471899,61018,1,2.0,2017,1.0
703,0,1.0,505399,67109,1,2.0,2015,1.0
704,0,1.0,460299,81811,1,2.0,2017,1.0
705,0,1.0,683999,27357,1,1.0,2017,2.0
706,0,1.0,639699,53293,1,3.0,2018,10.0
707,0,1.0,510499,45260,1,2.0,2017,1.0
708,0,1.0,1185499,3139,1,2.0,2019,2.0
709,0,1.0,471899,44690,1,1.0,2017,1.0
710,0,1.0,579899,13858,1,1.0,2019,2.0
711,0,1.0,333699,25256,1,2.0,2017,1.0
712,1,1.0,385000,94000,2,0.0,2012,2.0
713,1,9.0,590000,44100,7,1.0,2016,1.0
714,1,6.0,375888,47000,1,1.0,2016,3.0
715,1,6.0,775000,126000,2,0.0,2012,2.0
716,1,6.0,778888,46000,2,1.0,2015,7.0
717,1,6.0,1850000,75000,2,0.0,2014,16.0
719,1,6.0,1750000,86000,2,2.0,2012,20.0
720,0,1.0,582899,15227,1,1.0,2017,10.0
721,0,1.0,414099,87375,2,1.0,2014,10.0
722,0,1.0,516599,7679,1,2.0,2020,1.0
723,0,1.0,366299,48378,1,1.0,2016,1.0
724,0,1.0,375899,54645,1,1.0,2014,1.0
725,0,1.0,493899,7211,1,1.0,2019,1.0
726,0,1.0,311399,37217,1,2.0,2017,17.0
727,0,1.0,493899,32372,1,1.0,2019,1.0
728,0,1.0,501999,37947,1,2.0,2018,1.0
729,0,1.0,409399,51886,1,2.0,2014,2.0
730,0,1.0,1737899,43187,2,2.0,2018,8.0
731,0,1.0,583999,33616,2,1.0,2015,2.0
732,0,1.0,654299,91087,2,1.0,2015,10.0
733,0,1.0,986699,26372,1,2.0,2018,4.0
734,0,1.0,414199,58762,1,1.0,2014,1.0
735,0,1.0,588099,101920,2,2.0,2016,2.0
736,1,8.0,490000,44000,1,0.0,2014,1.0
737,1,8.0,225000,85000,2,0.0,2007,7.0
738,1,8.0,775000,64000,2,0.0,2017,1.0
739,1,8.0,1050000,13000,2,0.0,2021,12.0
740,1,8.0,425000,76000,2,0.0,2015,3.0
741,1,8.0,275000,45000,1,0.0,2015,1.0
742,1,8.0,875000,63088,2,0.0,2019,5.0
743,1,1.0,250000,54123,1,0.0,2013,1.0
744,0,1.0,567399,35140,1,2.0,2015,2.0
745,0,1.0,805099,50842,2,2.0,2018,1.0
746,0,1.0,492199,43412,1,1.0,2015,3.0
747,0,1.0,495799,46201,1,1.0,2016,3.0
748,0,1.0,1113599,63626,2,2.0,2017,1.0
749,0,1.0,299999,18251,1,1.0,2016,1.0
750,0,1.0,592099,41019,1,2.0,2016,1.0
751,0,1.0,322299,46463,1,1.0,2015,6.0
752,0,1.0,481999,20110,1,2.0,2017,6.0
753,0,1.0,534599,17364,1,2.0,2016,2.0
754,0,1.0,1681899,6760,1,2.0,2020,9.0
755,0,1.0,429599,35109,1,2.0,2016,1.0
756,0,1.0,723799,44266,1,2.0,2018,3.0
757,0,1.0,563299,39156,1,2.0,2017,10.0
758,0,1.0,214199,57993,1,3.0,2011,1.0
759,0,1.0,319399,51573,1,2.0,2015,1.0
760,1,1.0,180000,88000,1,0.0,2011,19.0
761,1,1.0,415000,67000,1,0.0,2014,2.0
762,1,1.0,350000,73000,2,0.0,2011,1.0
763,1,6.0,430000,39000,1,0.0,2015,2.0
764,1,35.0,450000,87500,2,0.0,2012,7.0
765,1,16.0,325000,86000,1,0.0,2006,3.0
766,1,1.0,565000,19900,1,0.0,2017,2.0
767,1,6.0,880000,22000,2,0.0,2013,15.0
768,0,1.0,810399,78329,2,2.0,2016,1.0
769,0,1.0,788999,61977,2,1.0,2016,1.0
770,0,1.0,508799,58640,2,1.0,2016,7.0
771,0,1.0,457099,40650,1,1.0,2018,6.0
772,0,1.0,612899,19121,1,2.0,2019,10.0
773,0,1.0,684099,85893,2,2.0,2016,4.0
774,0,1.0,716699,9874,1,2.0,2019,6.0
775,0,1.0,501599,25202,1,1.0,2016,2.0
776,0,1.0,509699,95999,1,2.0,2016,2.0
777,0,1.0,337799,49074,1,2.0,2014,1.0
778,0,1.0,852399,52439,1,2.0,2017,2.0
779,0,1.0,1784699,10813,2,1.0,2020,7.0
780,0,1.0,778199,127971,1,2.0,2016,2.0
781,0,1.0,705099,114108,2,2.0,2018,1.0
782,0,1.0,557599,52030,2,2.0,2017,2.0
783,0,1.0,1518099,44721,2,2.0,2018,7.0
784,1,6.0,1190000,50000,2,0.0,2018,7.0
785,1,6.0,590000,95000,2,0.0,2011,14.0
786,1,6.0,1980000,17000,2,0.0,2020,5.0
787,1,1.0,1350000,52500,2,0.0,2018,7.0
788,1,13.0,1059000,49000,1,3.0,2010,13.0
789,1,6.0,185000,55000,1,1.0,2011,1.0
790,1,1.0,710000,81500,2,0.0,2014,7.0
791,1,6.0,1948888,10000,2,1.0,2013,18.0
793,0,1.0,626199,68519,1,1.0,2014,3.0
794,0,1.0,236099,64011,1,1.0,2015,5.0
795,0,1.0,430499,13598,1,1.0,2021,1.0
796,0,1.0,442799,47037,1,2.0,2014,1.0
797,0,1.0,1373699,69711,1,2.0,2018,2.0
798,0,1.0,589299,49189,1,2.0,2015,2.0
799,0,1.0,298199,18368,1,1.0,2016,1.0
800,0,1.0,1508799,16874,2,2.0,2020,5.0
801,0,1.0,473699,24484,1,2.0,2019,1.0
802,0,1.0,656299,20688,1,2.0,2019,1.0
803,0,1.0,345799,24065,1,2.0,2016,1.0
804,0,1.0,584599,22609,1,2.0,2018,2.0
805,0,1.0,786799,56523,2,2.0,2017,14.0
806,0,1.0,624799,48031,1,2.0,2018,2.0
807,0,1.0,472399,45578,1,1.0,2016,2.0
808,1,6.0,408888,70070,2,1.0,2012,2.0
809,1,6.0,288888,28000,1,1.0,2015,2.0
810,1,6.0,198888,30030,2,1.0,2013,25.0
811,1,6.0,898888,25000,2,1.0,2011,4.0
812,1,6.0,1148888,8000,2,1.0,2013,13.0
813,1,1.0,79000,53000,1,0.0,2010,25.0
814,1,1.0,97000,68000,1,0.0,2007,3.0
815,1,1.0,135000,58000,1,0.0,2007,2.0
816,0,1.0,687199,28648,1,1.0,2016,2.0
817,0,1.0,387099,59819,1,2.0,2015,2.0
818,0,1.0,650599,19574,1,2.0,2018,1.0
819,0,1.0,1705799,46337,2,2.0,2019,5.0
820,0,1.0,526899,73563,1,1.0,2015,10.0
821,0,1.0,612799,51428,1,2.0,2016,3.0
822,0,1.0,269099,95754,1,2.0,2016,1.0
823,0,1.0,1952199,34533,2,2.0,2019,5.0
824,0,1.0,646299,50154,1,2.0,2016,1.0
825,0,1.0,425899,23492,1,2.0,2016,1.0
826,0,1.0,496399,37739,1,2.0,2017,1.0
827,0,1.0,393799,46178,1,3.0,2015,1.0
828,0,1.0,619599,42893,1,1.0,2017,1.0
829,0,1.0,423599,57875,5,2.0,2019,1.0
830,0,1.0,831999,4832,1,2.0,2020,2.0
831,0,1.0,695099,27805,1,2.0,2019,6.0
832,1,12.0,390000,71000,2,1.0,2014,2.0
833,1,1.0,1350000,140000,2,0.0,2013,8.0
834,1,1.0,1350000,70000,2,0.0,2014,8.0
835,1,1.0,250000,75000,1,0.0,2008,3.0
836,1,1.0,145000,57000,1,0.0,2009,1.0
837,1,1.0,980000,57000,2,0.0,2018,1.0
838,1,1.0,980000,91000,2,0.0,2018,2.0
839,1,11.0,195000,86000,1,0.0,2009,2.0
840,0,1.0,261499,68844,1,2.0,2013,1.0
841,0,1.0,649699,37070,1,1.0,2017,3.0
842,0,1.0,494099,20393,1,2.0,2017,2.0
843,0,1.0,313399,22244,1,2.0,2017,1.0
845,0,1.0,552799,64707,1,2.0,2015,2.0
846,0,1.0,490099,52149,1,2.0,2013,4.0
847,0,1.0,638599,11203,1,2.0,2017,2.0
848,0,1.0,374799,18071,1,2.0,2015,1.0
849,0,1.0,517499,81412,1,2.0,2016,2.0
850,0,1.0,553899,41912,1,2.0,2016,1.0
851,0,1.0,579199,32516,1,2.0,2016,1.0
852,0,1.0,531999,41552,1,2.0,2015,2.0
853,0,1.0,496199,21790,1,1.0,2018,2.0
854,0,1.0,659099,34010,1,2.0,2019,1.0
855,0,1.0,534799,50050,1,2.0,2016,2.0
856,1,1.0,950000,2000,1,0.0,2019,1.0
857,1,11.0,265000,71000,1,0.0,2010,1.0
858,1,1.0,650000,52000,2,0.0,2015,2.0
859,1,1.0,650000,35000,1,0.0,2018,1.0
860,1,1.0,290000,41000,1,0.0,2016,6.0
861,1,1.0,74999,125000,2,0.0,2003,5.0
862,1,1.0,155000,85000,1,0.0,2006,1.0
863,1,1.0,69000,85000,1,0.0,2005,25.0
864,0,1.0,496199,21790,1,1.0,2018,2.0
865,0,1.0,298599,75822,1,1.0,2011,1.0
866,0,1.0,490199,28589,1,1.0,2016,5.0
867,0,1.0,422999,15883,1,2.0,2017,6.0
868,0,1.0,656399,63648,1,1.0,2016,2.0
870,0,1.0,1113299,13829,1,2.0,2019,1.0
871,0,1.0,608399,28361,1,1.0,2016,1.0
872,0,1.0,587399,77960,1,1.0,2017,2.0
873,0,1.0,449699,33473,1,2.0,2015,1.0
874,0,1.0,464899,29052,1,2.0,2019,1.0
875,0,1.0,302699,68041,1,2.0,2017,1.0
876,0,1.0,583299,61361,1,2.0,2015,1.0
877,0,1.0,877999,32218,1,2.0,2018,3.0
878,0,1.0,398499,28579,1,1.0,2016,2.0
879,0,1.0,529399,51343,1,2.0,2017,2.0
880,1,1.0,69000,85000,1,0.0,2005,25.0
881,1,7.0,700000,86868,1,0.0,2016,3.0
882,1,1.0,79000,85000,1,0.0,2002,2.0
883,1,1.0,390000,77000,1,0.0,2012,1.0
884,1,1.0,950000,35500,1,1.0,2017,3.0
885,1,1.0,725000,19942,1,0.0,2019,8.0
886,1,1.0,439000,16000,1,1.0,2012,2.0
887,1,40.0,1069999,54000,3,1.0,2018,3.0
888,0,1.0,422299,17357,1,2.0,2019,6.0
889,0,1.0,589999,14517,1,2.0,2017,4.0
890,0,1.0,661299,13517,1,1.0,2017,1.0
891,0,1.0,429099,42302,1,1.0,2017,1.0
892,0,1.0,389399,65783,1,2.0,2015,1.0
893,0,1.0,629799,138716,2,2.0,2015,6.0
894,0,1.0,397299,43339,1,1.0,2013,2.0
895,0,1.0,546399,19526,1,2.0,2018,1.0
896,0,1.0,412999,25673,1,1.0,2016,1.0
897,0,1.0,402799,93304,1,2.0,2016,1.0
898,0,1.0,915699,94409,2,2.0,2019,2.0
899,0,1.0,361499,66799,1,0.0,2014,1.0
900,0,1.0,357899,27339,1,2.0,2016,2.0
901,0,1.0,475399,9095,1,2.0,2018,6.0
902,0,1.0,485299,21934,1,1.0,2019,1.0
903,0,1.0,643599,51706,1,2.0,2016,1.0
904,1,24.0,1069999,54000,3,1.0,2018,3.0
905,1,19.0,1069999,54000,3,1.0,2018,3.0
906,1,20.0,1069999,54000,3,1.0,2018,3.0
907,1,1.0,255000,90000,1,0.0,2009,2.0
908,1,22.0,1500000,85000,2,0.0,2019,5.0
909,1,8.0,650000,89000,2,0.0,2014,7.0
910,1,8.0,175000,45000,1,0.0,2010,2.0
911,1,6.0,735000,34000,1,1.0,2018,3.0
912,0,1.0,438199,31281,1,1.0,2018,1.0
913,0,1.0,924599,46312,1,2.0,2019,3.0
914,0,1.0,664099,32989,1,1.0,2018,2.0
915,0,1.0,462299,50599,1,2.0,2018,6.0
916,0,1.0,438499,26127,1,2.0,2016,3.0
917,0,1.0,680999,58118,2,2.0,2016,1.0
918,0,1.0,393199,23534,1,2.0,2019,1.0
919,0,1.0,646799,58978,1,2.0,2018,1.0
920,0,1.0,349999,33103,1,1.0,2014,1.0
921,0,1.0,419599,14600,1,2.0,2018,1.0
922,0,1.0,585099,26049,1,2.0,2016,1.0
923,0,1.0,627799,33895,2,1.0,2018,4.0
924,0,1.0,520799,32893,1,2.0,2017,10.0
925,0,1.0,410199,61717,1,3.0,2013,1.0
926,0,1.0,404399,82334,1,2.0,2017,1.0
927,0,1.0,682799,87381,1,2.0,2017,2.0
929,1,9.0,150000,85000,1,0.0,2008,3.0
932,1,1.0,975000,24200,1,0.0,2019,1.0
934,1,6.0,557699,62000,1,0.0,2015,7.0
935,1,10.0,535000,135000,2,0.0,2012,7.0
936,0,1.0,1045799,34642,1,2.0,2019,4.0
937,0,1.0,410199,154104,1,2.0,2013,1.0
938,0,1.0,297299,61826,1,2.0,2016,1.0
939,0,1.0,980199,44751,2,2.0,2018,5.0
940,0,1.0,794299,5183,1,2.0,2019,3.0
941,0,1.0,411899,136082,2,2.0,2012,1.0
942,0,1.0,557399,5817,1,1.0,2019,1.0
943,0,1.0,896099,99138,2,2.0,2015,2.0
944,0,1.0,637699,27936,1,2.0,2016,3.0
945,0,1.0,254499,39845,1,3.0,2014,1.0
946,0,1.0,457699,15615,1,2.0,2019,1.0
947,0,1.0,361599,53158,1,2.0,2012,3.0
948,0,1.0,675799,16002,1,2.0,2019,1.0
949,0,1.0,389499,31133,1,1.0,2015,1.0
950,0,1.0,625599,20172,1,2.0,2016,1.0
951,0,1.0,686999,69653,1,1.0,2013,10.0
952,1,10.0,425000,75000,1,0.0,2015,1.0
953,1,10.0,350000,132000,2,0.0,2012,6.0
954,1,10.0,560000,84000,2,0.0,2014,14.0
955,1,10.0,250000,147000,1,0.0,2007,1.0
956,1,21.0,90000,61000,1,0.0,2008,2.0
957,1,9.0,200000,56000,1,0.0,2012,2.0
958,1,1.0,325000,108000,2,0.0,2018,7.0
959,1,1.0,620000,55000,2,0.0,2018,2.0
960,0,1.0,519699,26023,1,1.0,2017,10.0
961,0,1.0,324599,19805,1,2.0,2018,1.0
962,0,1.0,340199,41365,1,2.0,2017,1.0
963,0,1.0,693999,90001,2,1.0,2017,4.0
964,0,1.0,310999,45285,1,2.0,2016,2.0
965,0,1.0,722199,42441,1,2.0,2016,1.0
966,0,1.0,485099,24342,1,3.0,2016,1.0
967,0,1.0,614999,14308,1,2.0,2017,1.0
968,0,1.0,1061399,32456,2,2.0,2018,1.0
969,0,1.0,879699,58448,2,1.0,2018,1.0
970,0,1.0,755199,86576,2,2.0,2016,1.0
971,0,1.0,816399,50421,1,2.0,2018,4.0
972,0,1.0,414299,26035,1,2.0,2017,1.0
973,0,1.0,476299,23499,1,2.0,2018,5.0
974,0,1.0,572599,25636,1,2.0,2016,1.0
975,0,1.0,1644799,15023,1,2.0,2019,12.0
976,1,23.0,440000,250,2,0.0,2020,7.0
977,1,1.0,575000,66000,1,0.0,2015,10.0
978,1,1.0,880000,85000,2,0.0,2015,8.0
979,1,1.0,1500000,50000,2,1.0,2020,12.0
980,1,1.0,1000000,12000,1,1.0,2021,2.0
981,1,1.0,86000,56000,1,0.0,2011,25.0
982,1,1.0,89000,53000,1,0.0,2010,1.0
983,1,6.0,90000,28000,1,0.0,2014,5.0
984,0,1.0,352199,22584,1,1.0,2015,1.0
985,0,1.0,566899,22394,1,2.0,2017,1.0
986,0,1.0,650699,93563,2,2.0,2017,1.0
987,0,1.0,413399,10537,1,2.0,2017,1.0
988,0,1.0,645799,81515,2,1.0,2016,4.0
989,0,1.0,1551499,24676,2,2.0,2017,11.0
990,0,1.0,333699,11917,1,2.0,2017,1.0
991,0,1.0,811799,69654,2,2.0,2016,1.0
992,0,1.0,406899,16226,1,2.0,2017,1.0
993,0,1.0,727299,8925,1,2.0,2018,4.0
994,0,1.0,657399,27819,1,2.0,2016,3.0
995,0,1.0,637599,26543,1,2.0,2020,2.0
996,0,1.0,623799,90088,1,2.0,2017,1.0
997,0,1.0,422899,34258,1,2.0,2018,1.0
998,0,1.0,576099,101744,1,2.0,2015,2.0
1000,1,1.0,39000,73000,1,0.0,2007,4.0
1001,1,28.0,475000,38000,2,0.0,2019,2.0
1002,1,13.0,450000,87500,2,0.0,2012,7.0
1003,1,11.0,650000,91000,2,0.0,2014,1.0
1004,1,11.0,326000,76000,2,0.0,2012,1.0
1005,1,11.0,170000,80000,2,0.0,2011,5.0
1006,1,9.0,250000,70000,3,0.0,2013,1.0
1007,1,1.0,88000,85000,1,0.0,2007,1.0
1008,0,1.0,1652199,13636,1,1.0,2019,9.0
1009,0,1.0,1217499,21393,1,2.0,2019,2.0
1010,0,1.0,1198299,76915,2,2.0,2017,2.0
1011,0,1.0,590799,16300,1,2.0,2018,2.0
1012,0,1.0,844999,40106,2,2.0,2019,2.0
1013,0,1.0,328499,66461,1,1.0,2015,6.0
1014,0,1.0,769599,48182,1,2.0,2016,2.0
1015,0,1.0,654299,41816,1,1.0,2017,2.0
1016,0,1.0,395699,73841,1,2.0,2012,2.0
1017,0,1.0,294799,19908,1,3.0,2016,6.0
1018,0,1.0,534499,26226,1,1.0,2018,2.0
1019,0,1.0,681399,43287,1,2.0,2016,1.0
1020,0,1.0,415699,26527,1,2.0,2018,17.0
1021,0,1.0,300199,37801,1,3.0,2017,1.0
1022,0,1.0,856699,54044,2,2.0,2017,1.0
1023,0,1.0,481399,29632,1,2.0,2017,4.0
1024,1,10.0,375000,115000,2,0.0,2009,7.0
1025,1,10.0,525000,13000,1,0.0,2020,1.0
1026,1,9.0,550000,42000,2,0.0,2018,1.0
1027,1,1.0,229000,65000,1,1.0,2014,2.0
1028,1,1.0,275000,60000,1,0.0,2014,1.0
1029,1,27.0,1750000,31000,2,1.0,2017,11.0
1030,1,26.0,1750000,31000,2,1.0,2017,11.0
1031,1,40.0,1750000,31000,2,1.0,2017,11.0
